ActionsUrl_xy,WIID,Description,Type,Status,Date
https://acme-test.uipath.com/work-items/105074928,105074928,Research Client Check Copy,WI2,Open,2020-12-08
https://acme-test.uipath.com/work-items/105074956,105074956,Verify Account Position,WI1,Open,2024-12-26
https://acme-test.uipath.com/work-items/105074935,105074935,Research Client Check Copy,WI2,Open,2020-10-17
https://acme-test.uipath.com/work-items/105074909,105074909,Process Vendor Invoice,WI3,Open,2020-06-01
https://acme-test.uipath.com/work-items/105074902,105074902,Generate Yearly Report for Vendor,WI4,Open,2019-05-01
https://acme-test.uipath.com/work-items/105074926,105074926,Research Client Check Copy,WI2,Open,2022-01-09
https://acme-test.uipath.com/work-items/105074930,105074930,Research Client Check Copy,WI2,Open,2018-11-14
https://acme-test.uipath.com/work-items/105074948,105074948,Verify Account Position,WI1,Open,2018-10-16
https://acme-test.uipath.com/work-items/105074945,105074945,Research Client Check Copy,WI2,Open,2021-02-03
https://acme-test.uipath.com/work-items/105074931,105074931,Research Client Check Copy,WI2,Open,2023-10-21
